HTTrack3.49-2+libhtsjava.so.2 launched on Wed, 14 Dec 2022 10:57:07 at https://compology.com
(httrack https://compology.com )

Information, Warnings and Errors reported for this mirror:
note:	the hts-log.txt file, and hts-cache folder, may contain sensitive information,
	such as username/password authentication for websites mirrored in this project
	do not share these files/folders if you want these information to remain private

10:58:31	Error: 	"Not Found" (404) at link https://compology.com/wp-content/themes/compology/images/favicon.ico (from https://compology.com/)
10:58:31	Error: 	"Method Not Allowed" (405) at link https://compology.com/xmlrpc.php (from https://compology.com/)
10:58:31	Warning: 	Retry after error 500 (Internal Server Error) at link https://compology.com/feed/ (from https://compology.com/)
11:04:04	Warning: 	Moved Permanently for compology.com/industries/multifamily/
11:04:04	Warning: 	Redirected link is identical because of 'URL Hack' option: compology.com/industries/multifamily/ and https://compology.com/industries/multifamily/
11:04:04	Warning: 	File has moved from compology.com/industries/multifamily/ to https://compology.com/industries/multifamily/
11:04:42	Warning: 	Moved Permanently for https://compology.com/industries/state-and-local-government/
11:04:42	Warning: 	File has moved from https://compology.com/industries/state-and-local-government/ to /industries/government
11:04:55	Warning: 	Moved Permanently for https://compology.com/products/dumpster-monitoring/
11:04:55	Warning: 	File has moved from https://compology.com/products/dumpster-monitoring/ to https://compology.com/products/waste-metering/
11:05:44	Warning: 	Moved Permanently for compology.com/compology-and-esg/
11:05:44	Warning: 	Redirected link is identical because of 'URL Hack' option: compology.com/compology-and-esg/ and https://compology.com/compology-and-esg/
11:05:44	Warning: 	File has moved from compology.com/compology-and-esg/ to https://compology.com/compology-and-esg/
11:05:44	Warning: 	Moved Permanently for compology.com/about-us/leadership/
11:05:44	Warning: 	Redirected link is identical because of 'URL Hack' option: compology.com/about-us/leadership/ and https://compology.com/about-us/leadership/
11:05:44	Warning: 	File has moved from compology.com/about-us/leadership/ to https://compology.com/about-us/leadership/
11:05:44	Warning: 	Moved Permanently for compology.com/b-corp/
11:05:44	Warning: 	Redirected link is identical because of 'URL Hack' option: compology.com/b-corp/ and https://compology.com/b-corp/
11:05:44	Warning: 	File has moved from compology.com/b-corp/ to https://compology.com/b-corp/
11:09:34	Warning: 	Moved Permanently for https://compology.com/fortune-500-grainger-features-waste-metering-impact-in-2021-esg-report/
11:09:34	Warning: 	File has moved from https://compology.com/fortune-500-grainger-features-waste-metering-impact-in-2021-esg-report/ to https://compology.com/blog/fortune-500-grainger-features-waste-metering-impact-in-2021-esg-report/
11:09:44	Error: 	"Not Found" (404) at link https://compology.com/live-on-cnn-why-mcdonalds-restaurants-are-putting-cameras-in-their-dumpsters/ (from https://compology.com/)
11:09:56	Warning: 	Retry after error 500 (Internal Server Error) at link https://compology.com/feed/ (from https://compology.com/)
11:09:56	Error: 	"Not Found" (404) at link https://compology.com/wp-content/themes/compology/fonts/opensans/OpenSans-Regular-webfont.eot (from https://compology.com/wp-content/themes/compology/style.css?ver=1645046643)
11:09:56	Error: 	"Not Found" (404) at link https://compology.com/wp-content/themes/compology/fonts/opensans/OpenSans-Regular-webfont.eot? (from https://compology.com/wp-content/themes/compology/style.css?ver=1645046643)
11:09:56	Error: 	"Not Found" (404) at link https://compology.com/wp-content/themes/compology/fonts/opensans/OpenSans-Regular-webfont.woff (from https://compology.com/wp-content/themes/compology/style.css?ver=1645046643)
11:09:56	Error: 	"Not Found" (404) at link https://compology.com/wp-content/themes/compology/fonts/opensans/OpenSans-Regular-webfont.ttf (from https://compology.com/wp-content/themes/compology/style.css?ver=1645046643)
11:09:56	Error: 	"Not Found" (404) at link https://compology.com/wp-content/themes/compology/fonts/opensans/OpenSans-Regular-webfont.svg (from https://compology.com/wp-content/themes/compology/style.css?ver=1645046643)
11:09:56	Warning: 	Moved Permanently for compology.com/customer-story/waste-metering-helps-mcdonalds-cut-costs-by-31-while-reducing-carbon-emissions/
11:09:56	Warning: 	Redirected link is identical because of 'URL Hack' option: compology.com/customer-story/waste-metering-helps-mcdonalds-cut-costs-by-31-while-reducing-carbon-emissions/ and https://compology.com/customer-story/waste-metering-helps-mcdonalds-cut-costs-by-31-while-reducing-carbon-emissions/
11:09:56	Warning: 	File has moved from compology.com/customer-story/waste-metering-helps-mcdonalds-cut-costs-by-31-while-reducing-carbon-emissions/ to https://compology.com/customer-story/waste-metering-helps-mcdonalds-cut-costs-by-31-while-reducing-carbon-emissions/
11:09:56	Warning: 	Moved Permanently for compology.com/customer-story/raytheon-technologies-uses-waste-metering-technology-to-achieve-2025-sustainability-goals/
11:09:56	Warning: 	Redirected link is identical because of 'URL Hack' option: compology.com/customer-story/raytheon-technologies-uses-waste-metering-technology-to-achieve-2025-sustainability-goals/ and https://compology.com/customer-story/raytheon-technologies-uses-waste-metering-technology-to-achieve-2025-sustainability-goals/
11:09:56	Warning: 	File has moved from compology.com/customer-story/raytheon-technologies-uses-waste-metering-technology-to-achieve-2025-sustainability-goals/ to https://compology.com/customer-story/raytheon-technologies-uses-waste-metering-technology-to-achieve-2025-sustainability-goals/
11:09:56	Warning: 	Moved Permanently for compology.com/customer-stories/how-adt-security-saves-53-on-waste-costs-annually-with-compology/
11:09:56	Warning: 	Redirected link is identical because of 'URL Hack' option: compology.com/customer-stories/how-adt-security-saves-53-on-waste-costs-annually-with-compology/ and https://compology.com/customer-stories/how-adt-security-saves-53-on-waste-costs-annually-with-compology/
11:09:56	Warning: 	File has moved from compology.com/customer-stories/how-adt-security-saves-53-on-waste-costs-annually-with-compology/ to https://compology.com/customer-stories/how-adt-security-saves-53-on-waste-costs-annually-with-compology/
11:09:56	Warning: 	Moved Permanently for compology.com/customer-story/global-trash-solutions-delivers-6-million-in-savings-to-qsr-restaurants-with-waste-metering/
11:09:56	Warning: 	Redirected link is identical because of 'URL Hack' option: compology.com/customer-story/global-trash-solutions-delivers-6-million-in-savings-to-qsr-restaurants-with-waste-metering/ and https://compology.com/customer-story/global-trash-solutions-delivers-6-million-in-savings-to-qsr-restaurants-with-waste-metering/
11:09:56	Warning: 	File has moved from compology.com/customer-story/global-trash-solutions-delivers-6-million-in-savings-to-qsr-restaurants-with-waste-metering/ to https://compology.com/customer-story/global-trash-solutions-delivers-6-million-in-savings-to-qsr-restaurants-with-waste-metering/
11:09:56	Warning: 	Moved Permanently for compology.com/customer-stories/new-market-waste-sees-1m-savings-thanks-to-compology/
11:09:56	Warning: 	Redirected link is identical because of 'URL Hack' option: compology.com/customer-stories/new-market-waste-sees-1m-savings-thanks-to-compology/ and https://compology.com/customer-stories/new-market-waste-sees-1m-savings-thanks-to-compology/
11:09:56	Warning: 	File has moved from compology.com/customer-stories/new-market-waste-sees-1m-savings-thanks-to-compology/ to https://compology.com/customer-stories/new-market-waste-sees-1m-savings-thanks-to-compology/
11:09:56	Warning: 	Moved Permanently for compology.com/customer-stories/how-compology-helped-sbwma-identify-90-of-containers-are-contaminated/
11:09:56	Warning: 	Redirected link is identical because of 'URL Hack' option: compology.com/customer-stories/how-compology-helped-sbwma-identify-90-of-containers-are-contaminated/ and https://compology.com/customer-stories/how-compology-helped-sbwma-identify-90-of-containers-are-contaminated/
11:09:56	Warning: 	File has moved from compology.com/customer-stories/how-compology-helped-sbwma-identify-90-of-containers-are-contaminated/ to https://compology.com/customer-stories/how-compology-helped-sbwma-identify-90-of-containers-are-contaminated/
11:09:56	Warning: 	Moved Permanently for compology.com/customer-stories/proler-saves-25-on-scrap-operations-using-remote-monitoring/
11:09:56	Warning: 	Redirected link is identical because of 'URL Hack' option: compology.com/customer-stories/proler-saves-25-on-scrap-operations-using-remote-monitoring/ and https://compology.com/customer-stories/proler-saves-25-on-scrap-operations-using-remote-monitoring/
11:09:56	Warning: 	File has moved from compology.com/customer-stories/proler-saves-25-on-scrap-operations-using-remote-monitoring/ to https://compology.com/customer-stories/proler-saves-25-on-scrap-operations-using-remote-monitoring/
11:09:56	Warning: 	Moved Permanently for compology.com/customer-story/how-trucking-company-ubcr-maximizes-efficiency-with-compology-to-enable-a-sustainable-supply-chain/
11:09:56	Warning: 	Redirected link is identical because of 'URL Hack' option: compology.com/customer-story/how-trucking-company-ubcr-maximizes-efficiency-with-compology-to-enable-a-sustainable-supply-chain/ and https://compology.com/customer-story/how-trucking-company-ubcr-maximizes-efficiency-with-compology-to-enable-a-sustainable-supply-chain/
11:09:56	Warning: 	File has moved from compology.com/customer-story/how-trucking-company-ubcr-maximizes-efficiency-with-compology-to-enable-a-sustainable-supply-chain/ to https://compology.com/customer-story/how-trucking-company-ubcr-maximizes-efficiency-with-compology-to-enable-a-sustainable-supply-chain/
11:09:56	Warning: 	Moved Permanently for compology.com/customer-stories/30-more-pickups-means-30-more-revenue-for-cd-hauler-forever-clean/
11:09:56	Warning: 	Redirected link is identical because of 'URL Hack' option: compology.com/customer-stories/30-more-pickups-means-30-more-revenue-for-cd-hauler-forever-clean/ and https://compology.com/customer-stories/30-more-pickups-means-30-more-revenue-for-cd-hauler-forever-clean/
11:09:56	Warning: 	File has moved from compology.com/customer-stories/30-more-pickups-means-30-more-revenue-for-cd-hauler-forever-clean/ to https://compology.com/customer-stories/30-more-pickups-means-30-more-revenue-for-cd-hauler-forever-clean/
11:09:56	Warning: 	Moved Permanently for compology.com/customer-stories/how-talismark-gained-a-95-customer-retention-rate-with-compology/
11:09:56	Warning: 	Redirected link is identical because of 'URL Hack' option: compology.com/customer-stories/how-talismark-gained-a-95-customer-retention-rate-with-compology/ and https://compology.com/customer-stories/how-talismark-gained-a-95-customer-retention-rate-with-compology/
11:09:56	Warning: 	File has moved from compology.com/customer-stories/how-talismark-gained-a-95-customer-retention-rate-with-compology/ to https://compology.com/customer-stories/how-talismark-gained-a-95-customer-retention-rate-with-compology/
11:09:56	Warning: 	Moved Permanently for compology.com/customer-stories/livermore-sanitation-sees-80-reduction-in-contamination/
11:09:56	Warning: 	Redirected link is identical because of 'URL Hack' option: compology.com/customer-stories/livermore-sanitation-sees-80-reduction-in-contamination/ and https://compology.com/customer-stories/livermore-sanitation-sees-80-reduction-in-contamination/
11:09:56	Warning: 	File has moved from compology.com/customer-stories/livermore-sanitation-sees-80-reduction-in-contamination/ to https://compology.com/customer-stories/livermore-sanitation-sees-80-reduction-in-contamination/
11:09:56	Warning: 	Moved Permanently for compology.com/customer-stories/how-waste-management-pacific-northwest-reduced-contamination-by-60-with-compology/
11:09:56	Warning: 	Redirected link is identical because of 'URL Hack' option: compology.com/customer-stories/how-waste-management-pacific-northwest-reduced-contamination-by-60-with-compology/ and https://compology.com/customer-stories/how-waste-management-pacific-northwest-reduced-contamination-by-60-with-compology/
11:09:56	Warning: 	File has moved from compology.com/customer-stories/how-waste-management-pacific-northwest-reduced-contamination-by-60-with-compology/ to https://compology.com/customer-stories/how-waste-management-pacific-northwest-reduced-contamination-by-60-with-compology/
11:09:56	Warning: 	Moved Permanently for compology.com/customer-stories/how-pssi-manages-inventory-and-streamlines-waste-operations-across-an-8000-acre-campus/
11:09:56	Warning: 	Redirected link is identical because of 'URL Hack' option: compology.com/customer-stories/how-pssi-manages-inventory-and-streamlines-waste-operations-across-an-8000-acre-campus/ and https://compology.com/customer-stories/how-pssi-manages-inventory-and-streamlines-waste-operations-across-an-8000-acre-campus/
11:09:56	Warning: 	File has moved from compology.com/customer-stories/how-pssi-manages-inventory-and-streamlines-waste-operations-across-an-8000-acre-campus/ to https://compology.com/customer-stories/how-pssi-manages-inventory-and-streamlines-waste-operations-across-an-8000-acre-campus/
11:09:56	Error: 	"Not Found" (404) at link https://compology.com/sustainability/ (from https://compology.com/industries/waste-and-recycling/)
11:10:10	Error: 	"Not Found" (404) at link https://compology.com/live-on-abc-miami-dumpster-cameras-may-be-the-key-to-cleaning-up-miamis-trash-trouble/ (from https://compology.com/industries/government/)
11:10:10	Warning: 	Moved Permanently for https://compology.com/customer-story/how-waste-management-pacific-northwest-reduced-contamination-by-60-with-compology/
11:10:10	Warning: 	File has moved from https://compology.com/customer-story/how-waste-management-pacific-northwest-reduced-contamination-by-60-with-compology/ to http://compology.com/customer-stories/how-waste-management-pacific-northwest-reduced-contamination-by-60-with-compology/
11:10:10	Error: 	"Error when decompressing" (-1) at link https://compology.com/sustainability (from https://compology.com/solutions/automated-rightsizing/)
11:10:10	Error: 	"Not Found" (404) at link https://compology.com/buzz-buzz-contamination-has-been-identified-in-your-recycling-dumpster/ (from https://compology.com/solutions/contamination-reduction/)
11:12:29	Error: 	"Not Found" (404) at link https://compology.com/press/new-market-waste-saves-clients-2M-with-compology (from https://compology.com/press/)
11:12:32	Warning: 	Moved Permanently for compology.com/press/jason-gates-compology-ceo-and-cofounder-named-to-grist-50/
11:12:32	Warning: 	Redirected link is identical because of 'URL Hack' option: compology.com/press/jason-gates-compology-ceo-and-cofounder-named-to-grist-50/ and https://compology.com/press/jason-gates-compology-ceo-and-cofounder-named-to-grist-50/
11:12:32	Warning: 	File has moved from compology.com/press/jason-gates-compology-ceo-and-cofounder-named-to-grist-50/ to https://compology.com/press/jason-gates-compology-ceo-and-cofounder-named-to-grist-50/
11:13:53	Warning: 	Moved Permanently for compology.com/blog/page/2/
11:13:53	Warning: 	Redirected link is identical because of 'URL Hack' option: compology.com/blog/page/2/ and https://compology.com/blog/page/2/
11:13:53	Warning: 	File has moved from compology.com/blog/page/2/ to https://compology.com/blog/page/2/
11:14:13	Warning: 	Moved Permanently for compology.com/blog/the-problem-with-waste-measurement/
11:14:13	Warning: 	Redirected link is identical because of 'URL Hack' option: compology.com/blog/the-problem-with-waste-measurement/ and https://compology.com/blog/the-problem-with-waste-measurement/
11:14:13	Warning: 	File has moved from compology.com/blog/the-problem-with-waste-measurement/ to https://compology.com/blog/the-problem-with-waste-measurement/
11:14:13	Warning: 	Moved Permanently for compology.com/blog/video-meet-compology-ceo-jason-gates/
11:14:13	Warning: 	Redirected link is identical because of 'URL Hack' option: compology.com/blog/video-meet-compology-ceo-jason-gates/ and https://compology.com/blog/video-meet-compology-ceo-jason-gates/
11:14:13	Warning: 	File has moved from compology.com/blog/video-meet-compology-ceo-jason-gates/ to https://compology.com/blog/video-meet-compology-ceo-jason-gates/
11:14:13	Warning: 	Moved Permanently for compology.com/blog/live-on-abc-miami-dumpster-cameras-may-be-the-key-to-cleaning-up-miamis-trash-trouble/
11:14:13	Warning: 	Redirected link is identical because of 'URL Hack' option: compology.com/blog/live-on-abc-miami-dumpster-cameras-may-be-the-key-to-cleaning-up-miamis-trash-trouble/ and https://compology.com/blog/live-on-abc-miami-dumpster-cameras-may-be-the-key-to-cleaning-up-miamis-trash-trouble/
11:14:13	Warning: 	File has moved from compology.com/blog/live-on-abc-miami-dumpster-cameras-may-be-the-key-to-cleaning-up-miamis-trash-trouble/ to https://compology.com/blog/live-on-abc-miami-dumpster-cameras-may-be-the-key-to-cleaning-up-miamis-trash-trouble/
11:14:13	Warning: 	Moved Permanently for compology.com/blog/how-technology-can-help-businesses-achieve-their-sustainability-goals/
11:14:13	Warning: 	Redirected link is identical because of 'URL Hack' option: compology.com/blog/how-technology-can-help-businesses-achieve-their-sustainability-goals/ and https://compology.com/blog/how-technology-can-help-businesses-achieve-their-sustainability-goals/
11:14:13	Warning: 	File has moved from compology.com/blog/how-technology-can-help-businesses-achieve-their-sustainability-goals/ to https://compology.com/blog/how-technology-can-help-businesses-achieve-their-sustainability-goals/
11:14:13	Warning: 	Moved Permanently for compology.com/blog/fortune-500-grainger-features-waste-metering-impact-in-2021-esg-report/
11:14:13	Warning: 	Redirected link is identical because of 'URL Hack' option: compology.com/blog/fortune-500-grainger-features-waste-metering-impact-in-2021-esg-report/ and https://compology.com/blog/fortune-500-grainger-features-waste-metering-impact-in-2021-esg-report/
11:14:13	Warning: 	File has moved from compology.com/blog/fortune-500-grainger-features-waste-metering-impact-in-2021-esg-report/ to https://compology.com/blog/fortune-500-grainger-features-waste-metering-impact-in-2021-esg-report/
11:14:13	Warning: 	Moved Permanently for compology.com/blog/live-on-cnn-why-mcdonalds-restaurants-are-putting-cameras-in-their-dumpsters/
11:14:13	Warning: 	Redirected link is identical because of 'URL Hack' option: compology.com/blog/live-on-cnn-why-mcdonalds-restaurants-are-putting-cameras-in-their-dumpsters/ and https://compology.com/blog/live-on-cnn-why-mcdonalds-restaurants-are-putting-cameras-in-their-dumpsters/
11:14:13	Warning: 	File has moved from compology.com/blog/live-on-cnn-why-mcdonalds-restaurants-are-putting-cameras-in-their-dumpsters/ to https://compology.com/blog/live-on-cnn-why-mcdonalds-restaurants-are-putting-cameras-in-their-dumpsters/
11:14:13	Warning: 	Moved Permanently for compology.com/blog/buzz-buzz-contamination-has-been-identified-in-your-refuse-dumpster/
11:14:13	Warning: 	Redirected link is identical because of 'URL Hack' option: compology.com/blog/buzz-buzz-contamination-has-been-identified-in-your-refuse-dumpster/ and https://compology.com/blog/buzz-buzz-contamination-has-been-identified-in-your-refuse-dumpster/
11:14:13	Warning: 	File has moved from compology.com/blog/buzz-buzz-contamination-has-been-identified-in-your-refuse-dumpster/ to https://compology.com/blog/buzz-buzz-contamination-has-been-identified-in-your-refuse-dumpster/
11:14:15	Error: 	"Internal Server Error" (500) after 2 retries at link https://compology.com/feed/ (from https://compology.com/)
11:14:16	Error: 	"Not Found" (404) at link https://compology.com/blog/press/press-releases/ (from https://compology.com/press/press-releases/)
11:14:17	Error: 	"Not Found" (404) at link https://compology.com/blog/press/press-releases/page/2/ (from https://compology.com/press/press-releases/)
11:14:33	Error: 	"Not Found" (404) at link https://compology.com/press/press-releases/page/2/ (from https://compology.com/press/press-releases/)
11:14:33	Error: 	"Not Found" (404) at link https://compology.com/blog/press/articles/ (from https://compology.com/press/articles/)
11:14:33	Error: 	"Not Found" (404) at link https://compology.com/blog/press/articles/page/2/ (from https://compology.com/press/articles/)
11:14:33	Error: 	"Not Found" (404) at link https://compology.com/press/articles/page/2/ (from https://compology.com/press/articles/)
11:14:33	Error: 	"Not Found" (404) at link https://compology.com/press/articles/page/3/ (from https://compology.com/press/articles/)
11:14:33	Error: 	"Not Found" (404) at link https://compology.com/press/articles/page/8/ (from https://compology.com/press/articles/)
11:14:33	Error: 	"Not Found" (404) at link https://compology.com/press/videos/page/2/ (from https://compology.com/press/videos/)
11:14:36	Warning: 	Moved Permanently for compology.com/press/dumpsters-to-dollars-how-to-power-efficiency-and-sustainability-through-visibility/
11:14:36	Warning: 	Redirected link is identical because of 'URL Hack' option: compology.com/press/dumpsters-to-dollars-how-to-power-efficiency-and-sustainability-through-visibility/ and https://compology.com/press/dumpsters-to-dollars-how-to-power-efficiency-and-sustainability-through-visibility/
11:14:36	Warning: 	File has moved from compology.com/press/dumpsters-to-dollars-how-to-power-efficiency-and-sustainability-through-visibility/ to https://compology.com/press/dumpsters-to-dollars-how-to-power-efficiency-and-sustainability-through-visibility/
11:14:36	Error: 	"Not Found" (404) at link compology.com/wp-content/uploads/2018/06/BootstrappedEp35JasonGates.mp3 (from https://compology.com/press/podcasts/)
11:14:36	Warning: 	Moved Permanently for compology.com/press/waste-monitoring-and-reduction/
11:14:36	Warning: 	Redirected link is identical because of 'URL Hack' option: compology.com/press/waste-monitoring-and-reduction/ and https://compology.com/press/waste-monitoring-and-reduction/
11:14:36	Warning: 	File has moved from compology.com/press/waste-monitoring-and-reduction/ to https://compology.com/press/waste-monitoring-and-reduction/
11:14:45	Warning: 	Moved Permanently for compology.com/blog/do-you-know-how-full-your-truck-trailers-are-introducing-volumetric-camera-sensors/
11:14:45	Warning: 	Redirected link is identical because of 'URL Hack' option: compology.com/blog/do-you-know-how-full-your-truck-trailers-are-introducing-volumetric-camera-sensors/ and https://compology.com/blog/do-you-know-how-full-your-truck-trailers-are-introducing-volumetric-camera-sensors/
11:14:45	Warning: 	File has moved from compology.com/blog/do-you-know-how-full-your-truck-trailers-are-introducing-volumetric-camera-sensors/ to https://compology.com/blog/do-you-know-how-full-your-truck-trailers-are-introducing-volumetric-camera-sensors/
11:14:45	Warning: 	Moved Permanently for compology.com/blog/what-covid-19-means-for-zters-automated-rightsizing-cost-savings-for-commercial-clients/
11:14:45	Warning: 	Redirected link is identical because of 'URL Hack' option: compology.com/blog/what-covid-19-means-for-zters-automated-rightsizing-cost-savings-for-commercial-clients/ and https://compology.com/blog/what-covid-19-means-for-zters-automated-rightsizing-cost-savings-for-commercial-clients/
11:14:45	Warning: 	File has moved from compology.com/blog/what-covid-19-means-for-zters-automated-rightsizing-cost-savings-for-commercial-clients/ to https://compology.com/blog/what-covid-19-means-for-zters-automated-rightsizing-cost-savings-for-commercial-clients/
11:14:45	Warning: 	Moved Permanently for compology.com/blog/podcast-artificial-intelligence-and-the-war-on-contamination/
11:14:45	Warning: 	Redirected link is identical because of 'URL Hack' option: compology.com/blog/podcast-artificial-intelligence-and-the-war-on-contamination/ and https://compology.com/blog/podcast-artificial-intelligence-and-the-war-on-contamination/
11:14:45	Warning: 	File has moved from compology.com/blog/podcast-artificial-intelligence-and-the-war-on-contamination/ to https://compology.com/blog/podcast-artificial-intelligence-and-the-war-on-contamination/
11:14:45	Warning: 	Moved Permanently for compology.com/blog/podcast-building-tech-for-impact/
11:14:45	Warning: 	Redirected link is identical because of 'URL Hack' option: compology.com/blog/podcast-building-tech-for-impact/ and https://compology.com/blog/podcast-building-tech-for-impact/
11:14:45	Warning: 	File has moved from compology.com/blog/podcast-building-tech-for-impact/ to https://compology.com/blog/podcast-building-tech-for-impact/
11:14:45	Warning: 	Moved Permanently for compology.com/blog/11-contaminants-in-your-recycling-stream-you-can-now-track-remotely/
11:14:45	Warning: 	Redirected link is identical because of 'URL Hack' option: compology.com/blog/11-contaminants-in-your-recycling-stream-you-can-now-track-remotely/ and https://compology.com/blog/11-contaminants-in-your-recycling-stream-you-can-now-track-remotely/
11:14:45	Warning: 	File has moved from compology.com/blog/11-contaminants-in-your-recycling-stream-you-can-now-track-remotely/ to https://compology.com/blog/11-contaminants-in-your-recycling-stream-you-can-now-track-remotely/
11:14:45	Warning: 	Moved Permanently for compology.com/blog/contamination-id-expansion/
11:14:45	Warning: 	Redirected link is identical because of 'URL Hack' option: compology.com/blog/contamination-id-expansion/ and https://compology.com/blog/contamination-id-expansion/
11:14:45	Warning: 	File has moved from compology.com/blog/contamination-id-expansion/ to https://compology.com/blog/contamination-id-expansion/
11:14:45	Warning: 	Moved Permanently for compology.com/blog/nothingwasted-podcast/
11:14:45	Warning: 	Redirected link is identical because of 'URL Hack' option: compology.com/blog/nothingwasted-podcast/ and https://compology.com/blog/nothingwasted-podcast/
11:14:45	Warning: 	File has moved from compology.com/blog/nothingwasted-podcast/ to https://compology.com/blog/nothingwasted-podcast/
11:14:45	Warning: 	Moved Permanently for compology.com/blog/artificial-intelligence-applied-to-scrap-recycling/
11:14:45	Warning: 	Redirected link is identical because of 'URL Hack' option: compology.com/blog/artificial-intelligence-applied-to-scrap-recycling/ and https://compology.com/blog/artificial-intelligence-applied-to-scrap-recycling/
11:14:45	Warning: 	File has moved from compology.com/blog/artificial-intelligence-applied-to-scrap-recycling/ to https://compology.com/blog/artificial-intelligence-applied-to-scrap-recycling/
11:14:45	Warning: 	Moved Permanently for compology.com/blog/tackling-domestic-organics-recycling-part-3/
11:14:45	Warning: 	Redirected link is identical because of 'URL Hack' option: compology.com/blog/tackling-domestic-organics-recycling-part-3/ and https://compology.com/blog/tackling-domestic-organics-recycling-part-3/
11:14:45	Warning: 	File has moved from compology.com/blog/tackling-domestic-organics-recycling-part-3/ to https://compology.com/blog/tackling-domestic-organics-recycling-part-3/
11:14:45	Warning: 	Moved Permanently for compology.com/blog/tackling-domestic-organics-recycling-part-2/
11:14:45	Warning: 	Redirected link is identical because of 'URL Hack' option: compology.com/blog/tackling-domestic-organics-recycling-part-2/ and https://compology.com/blog/tackling-domestic-organics-recycling-part-2/
11:14:45	Warning: 	File has moved from compology.com/blog/tackling-domestic-organics-recycling-part-2/ to https://compology.com/blog/tackling-domestic-organics-recycling-part-2/
11:15:54	Warning: 	Moved Permanently for compology.com/blog/its-time-to-redefine-customer-service-in-waste-recycling/
11:15:54	Warning: 	Redirected link is identical because of 'URL Hack' option: compology.com/blog/its-time-to-redefine-customer-service-in-waste-recycling/ and https://compology.com/blog/its-time-to-redefine-customer-service-in-waste-recycling/
11:15:54	Warning: 	File has moved from compology.com/blog/its-time-to-redefine-customer-service-in-waste-recycling/ to https://compology.com/blog/its-time-to-redefine-customer-service-in-waste-recycling/
11:15:55	Warning: 	Moved Permanently for compology.com/blog/software-integrations/
11:15:55	Warning: 	Redirected link is identical because of 'URL Hack' option: compology.com/blog/software-integrations/ and https://compology.com/blog/software-integrations/
11:15:55	Warning: 	File has moved from compology.com/blog/software-integrations/ to https://compology.com/blog/software-integrations/
11:15:56	Warning: 	Moved Permanently for compology.com/blog/how-cloud-computing-makes-your-business-stronger/
11:15:56	Warning: 	Redirected link is identical because of 'URL Hack' option: compology.com/blog/how-cloud-computing-makes-your-business-stronger/ and https://compology.com/blog/how-cloud-computing-makes-your-business-stronger/
11:15:56	Warning: 	File has moved from compology.com/blog/how-cloud-computing-makes-your-business-stronger/ to https://compology.com/blog/how-cloud-computing-makes-your-business-stronger/
11:15:56	Warning: 	Moved Permanently for compology.com/blog/data-into-dollars/
11:15:56	Warning: 	Redirected link is identical because of 'URL Hack' option: compology.com/blog/data-into-dollars/ and https://compology.com/blog/data-into-dollars/
11:15:56	Warning: 	File has moved from compology.com/blog/data-into-dollars/ to https://compology.com/blog/data-into-dollars/
11:15:57	Warning: 	Moved Permanently for compology.com/blog/what-goes-around-comes-around-11-recycling-trends-to-watch/
11:15:57	Warning: 	Redirected link is identical because of 'URL Hack' option: compology.com/blog/what-goes-around-comes-around-11-recycling-trends-to-watch/ and https://compology.com/blog/what-goes-around-comes-around-11-recycling-trends-to-watch/
11:15:57	Warning: 	File has moved from compology.com/blog/what-goes-around-comes-around-11-recycling-trends-to-watch/ to https://compology.com/blog/what-goes-around-comes-around-11-recycling-trends-to-watch/
11:15:57	Warning: 	Moved Permanently for compology.com/blog/help-were-drowning-in-recycling-cue-the-internet-of-trash/
11:15:57	Warning: 	Redirected link is identical because of 'URL Hack' option: compology.com/blog/help-were-drowning-in-recycling-cue-the-internet-of-trash/ and https://compology.com/blog/help-were-drowning-in-recycling-cue-the-internet-of-trash/
11:15:57	Warning: 	File has moved from compology.com/blog/help-were-drowning-in-recycling-cue-the-internet-of-trash/ to https://compology.com/blog/help-were-drowning-in-recycling-cue-the-internet-of-trash/
11:15:57	Warning: 	Moved Permanently for compology.com/blog/how-iot-sensors-can-improve-waste-and-recycling-franchise-systems/
11:15:57	Warning: 	Redirected link is identical because of 'URL Hack' option: compology.com/blog/how-iot-sensors-can-improve-waste-and-recycling-franchise-systems/ and https://compology.com/blog/how-iot-sensors-can-improve-waste-and-recycling-franchise-systems/
11:15:57	Warning: 	File has moved from compology.com/blog/how-iot-sensors-can-improve-waste-and-recycling-franchise-systems/ to https://compology.com/blog/how-iot-sensors-can-improve-waste-and-recycling-franchise-systems/
11:15:57	Warning: 	Moved Permanently for compology.com/blog/path-to-zero-waste/
11:15:57	Warning: 	Redirected link is identical because of 'URL Hack' option: compology.com/blog/path-to-zero-waste/ and https://compology.com/blog/path-to-zero-waste/
11:15:57	Warning: 	File has moved from compology.com/blog/path-to-zero-waste/ to https://compology.com/blog/path-to-zero-waste/
11:15:57	Warning: 	Moved Permanently for compology.com/blog/ask-expert-mrf-contamination-egosi/
11:15:57	Warning: 	Redirected link is identical because of 'URL Hack' option: compology.com/blog/ask-expert-mrf-contamination-egosi/ and https://compology.com/blog/ask-expert-mrf-contamination-egosi/
11:15:57	Warning: 	File has moved from compology.com/blog/ask-expert-mrf-contamination-egosi/ to https://compology.com/blog/ask-expert-mrf-contamination-egosi/
11:15:57	Warning: 	Moved Permanently for compology.com/blog/compologys-next-chapter/
11:15:57	Warning: 	Redirected link is identical because of 'URL Hack' option: compology.com/blog/compologys-next-chapter/ and https://compology.com/blog/compologys-next-chapter/
11:15:57	Warning: 	File has moved from compology.com/blog/compologys-next-chapter/ to https://compology.com/blog/compologys-next-chapter/
11:15:57	Warning: 	Moved Permanently for compology.com/blog/quality-is-king-the-evolving-economy-of-recycling/
11:15:57	Warning: 	Redirected link is identical because of 'URL Hack' option: compology.com/blog/quality-is-king-the-evolving-economy-of-recycling/ and https://compology.com/blog/quality-is-king-the-evolving-economy-of-recycling/
11:15:57	Warning: 	File has moved from compology.com/blog/quality-is-king-the-evolving-economy-of-recycling/ to https://compology.com/blog/quality-is-king-the-evolving-economy-of-recycling/
11:16:26	Warning: 	Moved Permanently for compology.com/blog/page/4/
11:16:26	Warning: 	Redirected link is identical because of 'URL Hack' option: compology.com/blog/page/4/ and https://compology.com/blog/page/4/
11:16:26	Warning: 	File has moved from compology.com/blog/page/4/ to https://compology.com/blog/page/4/
11:16:26	Warning: 	Moved Permanently for compology.com/blog/standardizing-contamination-measurement/
11:16:26	Warning: 	Redirected link is identical because of 'URL Hack' option: compology.com/blog/standardizing-contamination-measurement/ and https://compology.com/blog/standardizing-contamination-measurement/
11:16:26	Warning: 	File has moved from compology.com/blog/standardizing-contamination-measurement/ to https://compology.com/blog/standardizing-contamination-measurement/
11:16:26	Warning: 	Moved Permanently for compology.com/blog/stopwaste-pressrelease/
11:16:26	Warning: 	Redirected link is identical because of 'URL Hack' option: compology.com/blog/stopwaste-pressrelease/ and https://compology.com/blog/stopwaste-pressrelease/
11:16:26	Warning: 	File has moved from compology.com/blog/stopwaste-pressrelease/ to https://compology.com/blog/stopwaste-pressrelease/
11:16:26	Warning: 	Moved Permanently for compology.com/blog/tackling-domestic-organics-recycling/
11:16:26	Warning: 	Redirected link is identical because of 'URL Hack' option: compology.com/blog/tackling-domestic-organics-recycling/ and https://compology.com/blog/tackling-domestic-organics-recycling/
11:16:26	Warning: 	File has moved from compology.com/blog/tackling-domestic-organics-recycling/ to https://compology.com/blog/tackling-domestic-organics-recycling/
11:16:26	Warning: 	Moved Permanently for compology.com/blog/fullness-monitoring-for-waste/
11:16:26	Warning: 	Redirected link is identical because of 'URL Hack' option: compology.com/blog/fullness-monitoring-for-waste/ and https://compology.com/blog/fullness-monitoring-for-waste/
11:16:26	Warning: 	File has moved from compology.com/blog/fullness-monitoring-for-waste/ to https://compology.com/blog/fullness-monitoring-for-waste/
11:16:26	Warning: 	Moved Permanently for compology.com/blog/5-ways-to-manager-your-waste-container-inventory/
11:16:26	Warning: 	Redirected link is identical because of 'URL Hack' option: compology.com/blog/5-ways-to-manager-your-waste-container-inventory/ and https://compology.com/blog/5-ways-to-manager-your-waste-container-inventory/
11:16:26	Warning: 	File has moved from compology.com/blog/5-ways-to-manager-your-waste-container-inventory/ to https://compology.com/blog/5-ways-to-manager-your-waste-container-inventory/
11:16:26	Warning: 	Moved Permanently for compology.com/blog/how-sensors-will-succeed-in-the-waste-industry/
11:16:26	Warning: 	Redirected link is identical because of 'URL Hack' option: compology.com/blog/how-sensors-will-succeed-in-the-waste-industry/ and https://compology.com/blog/how-sensors-will-succeed-in-the-waste-industry/
11:16:26	Warning: 	File has moved from compology.com/blog/how-sensors-will-succeed-in-the-waste-industry/ to https://compology.com/blog/how-sensors-will-succeed-in-the-waste-industry/
11:16:26	Warning: 	Moved Permanently for compology.com/press/compology-announces-clean-and-green-city-grants-initiative/
11:16:26	Warning: 	Redirected link is identical because of 'URL Hack' option: compology.com/press/compology-announces-clean-and-green-city-grants-initiative/ and https://compology.com/press/compology-announces-clean-and-green-city-grants-initiative/
11:16:26	Warning: 	File has moved from compology.com/press/compology-announces-clean-and-green-city-grants-initiative/ to https://compology.com/press/compology-announces-clean-and-green-city-grants-initiative/
11:16:38	Warning: 	Moved Permanently for compology.com/press/compology-brings-ai-powered-waste-meteringtm-to-the-multifamily-housing-market-with-realpage/
11:16:38	Warning: 	Redirected link is identical because of 'URL Hack' option: compology.com/press/compology-brings-ai-powered-waste-meteringtm-to-the-multifamily-housing-market-with-realpage/ and https://compology.com/press/compology-brings-ai-powered-waste-meteringtm-to-the-multifamily-housing-market-with-realpage/
11:16:38	Warning: 	File has moved from compology.com/press/compology-brings-ai-powered-waste-meteringtm-to-the-multifamily-housing-market-with-realpage/ to https://compology.com/press/compology-brings-ai-powered-waste-meteringtm-to-the-multifamily-housing-market-with-realpage/
11:16:41	Warning: 	Moved Permanently for compology.com/blog/technology-and-trash/
11:16:41	Warning: 	Redirected link is identical because of 'URL Hack' option: compology.com/blog/technology-and-trash/ and https://compology.com/blog/technology-and-trash/
11:16:41	Warning: 	File has moved from compology.com/blog/technology-and-trash/ to https://compology.com/blog/technology-and-trash/
11:16:41	Warning: 	Moved Permanently for compology.com/blog/smarter-waste-for-the-smart-city/
11:16:41	Warning: 	Redirected link is identical because of 'URL Hack' option: compology.com/blog/smarter-waste-for-the-smart-city/ and https://compology.com/blog/smarter-waste-for-the-smart-city/
11:16:41	Warning: 	File has moved from compology.com/blog/smarter-waste-for-the-smart-city/ to https://compology.com/blog/smarter-waste-for-the-smart-city/
11:16:41	Warning: 	Moved Permanently for https://compology.com/blog/big-data/page/1/
11:16:41	Warning: 	File has moved from https://compology.com/blog/big-data/page/1/ to https://compology.com/blog/big-data/
11:16:41	Warning: 	Moved Permanently for https://compology.com/blog/remote-monitoring/page/1/
11:16:41	Warning: 	File has moved from https://compology.com/blog/remote-monitoring/page/1/ to https://compology.com/blog/remote-monitoring/
11:16:41	Warning: 	Moved Permanently for compology.com/blog/contamination-reduction-tech-report/
11:16:41	Warning: 	Redirected link is identical because of 'URL Hack' option: compology.com/blog/contamination-reduction-tech-report/ and https://compology.com/blog/contamination-reduction-tech-report/
11:16:41	Warning: 	File has moved from compology.com/blog/contamination-reduction-tech-report/ to https://compology.com/blog/contamination-reduction-tech-report/
11:16:41	Warning: 	Moved Permanently for compology.com/blog/contamination-identification-tech-report/
11:16:41	Warning: 	Redirected link is identical because of 'URL Hack' option: compology.com/blog/contamination-identification-tech-report/ and https://compology.com/blog/contamination-identification-tech-report/
11:16:41	Warning: 	File has moved from compology.com/blog/contamination-identification-tech-report/ to https://compology.com/blog/contamination-identification-tech-report/
11:16:41	Warning: 	Moved Permanently for compology.com/blog/compology-at-wastecon/
11:16:41	Warning: 	Redirected link is identical because of 'URL Hack' option: compology.com/blog/compology-at-wastecon/ and https://compology.com/blog/compology-at-wastecon/
11:16:41	Warning: 	File has moved from compology.com/blog/compology-at-wastecon/ to https://compology.com/blog/compology-at-wastecon/
11:16:41	Warning: 	Moved Permanently for compology.com/blog/indisputable-service-verification-for-waste-has-arrived/
11:16:41	Warning: 	Redirected link is identical because of 'URL Hack' option: compology.com/blog/indisputable-service-verification-for-waste-has-arrived/ and https://compology.com/blog/indisputable-service-verification-for-waste-has-arrived/
11:16:41	Warning: 	File has moved from compology.com/blog/indisputable-service-verification-for-waste-has-arrived/ to https://compology.com/blog/indisputable-service-verification-for-waste-has-arrived/
11:16:41	Warning: 	Moved Permanently for https://compology.com/blog/sustainability/page/1/
11:16:41	Warning: 	File has moved from https://compology.com/blog/sustainability/page/1/ to https://compology.com/blog/sustainability/
11:16:41	Warning: 	Moved Permanently for https://compology.com/blog/recycling-and-contamination/page/1/
11:16:41	Warning: 	File has moved from https://compology.com/blog/recycling-and-contamination/page/1/ to https://compology.com/blog/recycling-and-contamination/
11:16:41	Warning: 	Moved Permanently for https://compology.com/blog/waste-industry/page/1/
11:16:41	Warning: 	File has moved from https://compology.com/blog/waste-industry/page/1/ to https://compology.com/blog/waste-industry/
11:16:41	Error: 	"Not Found" (404) at link compology.com/wp-content/uploads/2018/06/U-Blox-Magazine-Article.pdf (from https://compology.com/press/page/9/)

HTTrack Website Copier/3.49-2 mirror complete in 19 minutes 34 seconds : 464 links scanned, 362 files written (175502723 bytes overall) [168657661 bytes received at 143660 bytes/sec], 9766709 bytes transferred using HTTP compression in 241 files, ratio 19%, 4.7 requests per connection
(25 errors, 212 warnings, 0 messages)
